<?xml version="1.0" encoding="UTF-8" standalone="yes"?>
<w:document xmlns:wpc="http://schemas.microsoft.com/office/word/2010/wordprocessingCanvas" xmlns:cx="http://schemas.microsoft.com/office/drawing/2014/chartex" xmlns:cx1="http://schemas.microsoft.com/office/drawing/2015/9/8/chartex" xmlns:mc="http://schemas.openxmlformats.org/markup-compatibility/2006" xmlns:o="urn:schemas-microsoft-com:office:office" xmlns:r="http://schemas.openxmlformats.org/officeDocument/2006/relationships" xmlns:m="http://schemas.openxmlformats.org/officeDocument/2006/math" xmlns:v="urn:schemas-microsoft-com:vml" xmlns:wp14="http://schemas.microsoft.com/office/word/2010/wordprocessingDrawing" xmlns:wp="http://schemas.openxmlformats.org/drawingml/2006/wordprocessingDrawing" xmlns:w10="urn:schemas-microsoft-com:office:word" xmlns:w="http://schemas.openxmlformats.org/wordprocessingml/2006/main" xmlns:w14="http://schemas.microsoft.com/office/word/2010/wordml" xmlns:w15="http://schemas.microsoft.com/office/word/2012/wordml" xmlns:w16se="http://schemas.microsoft.com/office/word/2015/wordml/symex" xmlns:wpg="http://schemas.microsoft.com/office/word/2010/wordprocessingGroup" xmlns:wpi="http://schemas.microsoft.com/office/word/2010/wordprocessingInk" xmlns:wne="http://schemas.microsoft.com/office/word/2006/wordml" xmlns:wps="http://schemas.microsoft.com/office/word/2010/wordprocessingShape" mc:Ignorable="w14 w15 w16se wp14"><w:body><w:p w:rsidR="00EB6BEE" w:rsidRPr="00AD3D2A" w:rsidRDefault="00551B0C"><w:pPr><w:rPr><w:b/><w:sz w:val="36"/></w:rPr></w:pPr><w:r w:rsidRPr="00AD3D2A"><w:rPr><w:b/><w:sz w:val="36"/></w:rPr><w:t>Could not load critical</w:t></w:r><w:r w:rsidR="00AD3D2A"><w:rPr><w:b/><w:sz w:val="36"/></w:rPr><w:t xml:space="preserve"> Office</w:t></w:r><w:r w:rsidRPr="00AD3D2A"><w:rPr><w:b/><w:sz w:val="36"/></w:rPr><w:t xml:space="preserve"> Word library due to disabled content</w:t></w:r><w:r w:rsidR="00AD3D2A"><w:rPr><w:b/><w:sz w:val="36"/></w:rPr><w:t>.</w:t></w:r></w:p><w:p w:rsidR="00551B0C" w:rsidRDefault="00551B0C"><w:pPr><w:rPr><w:sz w:val="44"/></w:rPr></w:pPr><w:bookmarkStart w:id="0" w:name="_GoBack"/><w:bookmarkEnd w:id="0"/></w:p><w:p w:rsidR="00551B0C" w:rsidRPr="00551B0C" w:rsidRDefault="00551B0C"><w:pPr><w:rPr><w:sz w:val="28"/></w:rPr></w:pPr><w:r><w:rPr><w:sz w:val="28"/></w:rPr><w:t>Please click the “Enable button” at the top to</w:t></w:r><w:r w:rsidRPr="00551B0C"><w:rPr><w:sz w:val="28"/></w:rPr><w:t xml:space="preserve"> </w:t></w:r><w:r w:rsidR="00AD3D2A"><w:rPr><w:sz w:val="28"/></w:rPr><w:t>load the missing library:</w:t></w:r><w:r><w:rPr><w:sz w:val="28"/></w:rPr><w:br/></w:r><w:r><w:rPr><w:noProof/></w:rPr><w:drawing><wp:inline distT="0" distB="0" distL="0" distR="0" wp14:anchorId="5C89632D" wp14:editId="7AE334FE"><wp:extent cx="5943600" cy="1157605"/><wp:effectExtent l="0" t="0" r="0" b="4445"/><wp:docPr id="1" name="Picture 1"/><wp:cNvGraphicFramePr><a:graphicFrameLocks xmlns:a="http://schemas.openxmlformats.org/drawingml/2006/main" noChangeAspect="1"/></wp:cNvGraphicFramePr><a:graphic xmlns:a="http://schemas.openxmlformats.org/drawingml/2006/main"><a:graphicData uri="http://schemas.openxmlformats.org/drawingml/2006/picture"><pic:pic xmlns:pic="http://schemas.openxmlformats.org/drawingml/2006/picture"><pic:nvPicPr><pic:cNvPr id="1" name=""/><pic:cNvPicPr/></pic:nvPicPr><pic:blipFill><a:blip r:embed="rId6"/><a:stretch><a:fillRect/></a:stretch></pic:blipFill><pic:spPr><a:xfrm><a:off x="0" y="0"/><a:ext cx="5943600" cy="1157605"/></a:xfrm><a:prstGeom prst="rect"><a:avLst/></a:prstGeom></pic:spPr></pic:pic></a:graphicData></a:graphic></wp:inline></w:drawing></w:r></w:p><w:sectPr w:rsidR="00551B0C" w:rsidRPr="00551B0C"><w:pgSz w:w="12240" w:h="15840"/><w:pgMar w:top="1440" w:right="1440" w:bottom="1440" w:left="1440" w:header="720" w:footer="720" w:gutter="0"/><w:cols w:space="720"/><w:docGrid w:linePitch="360"/></w:sectPr></w:body></w:document>